{
  "empty list": 22.312,
  "empty map": 20.232,
  "empty set": 20.224,

  "10 item list": 491.71112,
  "10 item map": 1427.28672,
  "10 item set": 1483.24152,

  "100 item list": 2568.4048,
  "100 item map": 15558.6776,
  "100 item set": 15612.3232,
  
  "1000 item list": 20483.56,
  "1000 item map": 123817.784,
  "1000 item set": 123851.168
}
