{
  "empty object": 69.224,
  "empty array": 93.144,
  "empty map": 197.016,
  "empty set": 166.04,

  "10 item object": 218.32216,
  "10 item array": 242.26208,
  "10 item map": 530.48856,
  "10 item set": 402.46528,

  "100 item object": 1201.3952,
  "100 item array": 1337.2456,
  "100 item map": 3665.1808,
  "100 item set": 2641.2072,

  "1000 item object": 10398.224,
  "1000 item array": 11598.584,
  "1000 item map": 28758.464,
  "1000 item set": 20566.2
}
